Fragment, ChargeState, m/z, distance from 5' terminus, intensity
LastScan TIC, 161702.09375
a02,-1,570.081371097928,2,400.298492431641,
a02,-1,571.084725935728,2,79.2295379638672,
a03,-1,891.099813844528,3,353.723724365234,
a03,-1,892.103168682328,3,121.206092834473,
a03,-2,445.046268688858,3,248.539810180664,
a03,-2,445.547946107758,3,61.6870727539063,
a03,-2,446.049623526658,3,21.2496566772461,
a04,-2,617.561106757178,4,484.340789794922,
a04,-2,618.062784176078,4,235.557968139648,
a04,-2,618.564461594978,4,91.0775451660156,
a04,-2,619.066139013878,4,38.1269989013672,
a05,-2,798.073402135278,5,808.89990234375,
a05,-2,798.575079554178,5,505.127960205078,
a05,-2,799.076756973078,5,270.371307373047,
a05,-2,799.578434391978,5,100.497329711914,
a05,-3,531.713175934581,5,132.830215454102,
a05,-3,532.047627547181,5,92.1755142211914,
a05,-3,532.382079159781,5,27.8260841369629,
a05,-3,532.716530772381,5,24.3492202758789,
a06,-2,958.582623508578,6,251.387680053711,
a06,-2,959.084300927478,6,129.346694946289,
a06,-2,959.585978346378,6,105.554992675781,
a06,-2,960.087655765278,6,26.6398105621338,
a06,-3,638.719323516781,6,359.275421142578,
a06,-3,639.053775129381,6,266.499389648438,
a06,-3,639.388226741981,6,169.587249755859,
a06,-3,639.722678354581,6,87.6647033691406,
a07,-2,1131.0974615769,7,44.3748321533203,
a07,-2,1131.5991389958,7,46.5110321044922,
a07,-2,1132.1008164147,7,25.3694038391113,
a07,-3,753.729215562328,7,224.725875854492,
a07,-3,754.063667174928,7,197.754364013672,
a07,-3,754.398118787528,7,166.320465087891,
a07,-3,754.732570400128,7,74.6294937133789,
a07,-3,755.067022012728,7,54.6313514709473,
a08,-3,861.063368338758,8,169.859161376953,
a08,-3,861.397819951358,8,169.8701171875,
a08,-3,861.732271563958,8,130.480590820313,
a08,-3,862.066723176558,8,97.6366119384766,
a08,-3,862.401174789158,8,49.0298690795898,
a09,-3,968.069515920958,9,36.4675445556641,
a09,-3,968.403967533558,9,83.9132843017578,
a09,-3,968.738419146158,9,71.3007659912109,
a09,-3,969.072870758758,9,46.3040504455566,
a09,-4,725.800317824016,9,314.660400390625,
a09,-4,726.051156533466,9,391.445922851563,
a09,-4,726.301995242916,9,336.649139404297,
a09,-4,726.552833952366,9,184.187438964844,
a09,-4,726.803672661816,9,135.656051635742,
a09,-4,727.054511371266,9,62.8551940917969,
a10,-3,1088.41104617302,10,37.0598793029785,
a10,-3,1088.74549778562,10,31.8411159515381,
a10,-3,1089.07994939822,10,49.6965980529785,
a10,-3,1089.41440101082,10,30.8264846801758,
a10,-3,1089.74885262342,10,25.2411041259766,
a10,-4,816.056465513066,10,188.12557220459,
a10,-4,816.307304222516,10,200.351531982422,
a10,-4,816.558142931966,10,174.553009033203,
a10,-4,816.808981641416,10,92.3032836914063,
a10,-4,817.059820350866,10,61.1070671081543,
a11,-4,906.312613202116,11,124.814598083496,
a11,-4,906.563451911566,11,127.987564086914,
a11,-4,906.814290621016,11,152.199188232422,
a11,-4,907.065129330466,11,152.234405517578,
a11,-4,907.315968039916,11,84.6055145263672,
a11,-4,907.566806749366,11,27.8703689575195,
a11,-5,724.84863526833,11,135.621658325195,
a11,-5,725.04930623589,11,257.486785888672,
a11,-5,725.24997720345,11,196.101608276367,
a11,-5,725.45064817101,11,176.226821899414,
a11,-5,725.65131913857,11,112.683555603027,
a11,-5,725.85199010613,11,63.3952522277832,
a12,-4,986.567223888766,12,31.9304809570313,
a12,-4,986.818062598216,12,66.8342971801758,
a12,-4,987.068901307666,12,49.9967765808105,
a12,-4,987.319740017116,12,50.0135383605957,
a12,-4,987.570578726566,12,31.2837982177734,
a12,-5,789.05232381765,12,212.316253662109,
a12,-5,789.25299478521,12,332.253143310547,
a12,-5,789.45366575277,12,313.879272460938,
a12,-5,789.65433672033,12,295.042907714844,
a12,-5,789.85500768789,12,223.217437744141,
a12,-5,790.05567865545,12,130.438247680664,
a12,-5,790.25634962301,12,65.5698165893555,
a12,-5,790.45702059057,12,31.0113658905029,
a13,-5,853.25601236697,13,91.9470825195313,
a13,-5,853.45668333453,13,234.3330078125,
a13,-5,853.65735430209,13,233.871475219727,
a13,-5,853.85802526965,13,203.925231933594,
a13,-5,854.25936720477,13,108.783653259277,
a13,-5,854.46003817233,13,44.028190612793,
a13,-6,710.87879756134,13,81.4281845092773,
a13,-6,711.04602336764,13,255.850234985352,
a13,-6,711.21324917394,13,276.592926025391,
a13,-6,711.38047498024,13,285.257049560547,
a13,-6,711.54770078654,13,195.819625854492,
a13,-6,711.71492659284,13,137.518264770508,
a13,-6,711.88215239914,13,62.5765037536621,
a13,-6,712.04937820544,13,29.8018760681152,
a14,-5,917.656504032828,14,35.6015815734863,
a14,-5,917.857175000388,14,43.6865119934082,
a14,-5,918.057845967948,14,68.2428359985352,
a14,-5,918.258516935508,14,58.649242401123,
a14,-5,918.459187903068,14,37.7848777770996,
a14,-6,764.545873949555,14,100.987953186035,
a14,-6,764.713099755855,14,252.129043579102,
a14,-6,764.880325562155,14,312.978118896484,
a14,-6,765.047551368455,14,326.512969970703,
a14,-6,765.214777174755,14,255.115005493164,
a14,-6,765.382002981055,14,173.033493041992,
a14,-6,765.549228787355,14,70.5660095214844,
a14,-6,765.716454593655,14,36.4016876220703,
a14,-6,765.883680399955,14,23.5443534851074,
a15,-5,989.861422184068,15,29.2520084381104,
a15,-5,990.062093151628,15,33.9606781005859,
a15,-5,990.262764119188,15,57.0757369995117,
a15,-5,990.463435086748,15,82.7220001220703,
a15,-5,990.664106054308,15,49.6634635925293,
a15,-5,990.864777021868,15,35.642463684082,
a15,-5,991.065447989428,15,54.3765411376953,
a15,-6,824.716639075588,15,150.624847412109,
a15,-6,824.883864881888,15,307.024322509766,
a15,-6,825.051090688188,15,406.610290527344,
a15,-6,825.218316494488,15,526.467712402344,
a15,-6,825.385542300788,15,362.561004638672,
a15,-6,825.552768107088,15,281.637023925781,
a15,-6,825.719993913388,15,159.316024780273,
a15,-6,825.887219719688,15,58.2729415893555,
a15,-6,826.054445525988,15,62.8226623535156,
a15,-6,826.221671332288,15,24.1034545898438,
a15,-7,706.899416117788,15,88.8594207763672,
a15,-7,707.042752523188,15,72.3911285400391,
a15,-7,707.186088928588,15,112.784721374512,
a15,-7,707.329425333988,15,66.1456832885742,
a15,-7,707.472761739388,15,53.81591796875,
a15,-7,707.616098144788,15,42.85009765625,
a16,-6,884.887404201621,16,52.2971611022949,
a16,-6,885.054630007921,16,100.234802246094,
a16,-6,885.221855814221,16,139.462173461914,
a16,-6,885.389081620521,16,176.984786987305,
a16,-6,885.556307426821,16,153.304260253906,
a16,-6,885.723533233121,16,54.204029083252,
a16,-6,885.890759039421,16,79.3889465332031,
a16,-7,758.331021248988,16,108.462730407715,
a16,-7,758.474357654388,16,264.883697509766,
a16,-7,758.617694059788,16,377.357025146484,
a16,-7,758.761030465188,16,401.434600830078,
a16,-7,758.904366870588,16,401.232391357422,
a16,-7,759.191039681388,16,173.882217407227,
a16,-7,759.334376086788,16,99.4114379882813,
a16,-7,759.477712492188,16,37.1151504516602,
a16,-7,759.621048897588,16,26.7990112304688,
a17,-7,807.620974982794,17,33.4538192749023,
a17,-7,807.764311388194,17,88.4839172363281,
a17,-7,807.907647793594,17,136.837631225586,
a17,-7,808.050984198994,17,207.89176940918,
a17,-7,808.194320604394,17,118.450897216797,
a17,-7,808.337657009794,17,77.6934127807617,
a17,-7,808.480993415194,17,80.6722564697266,
a17,-7,808.624329820594,17,30.9657497406006,
a18,-7,853.480752518022,18,57.317440032959,
a18,-7,853.624088923422,18,136.980743408203,
a18,-7,853.767425328822,18,192.195648193359,
a18,-7,853.910761734222,18,240.024124145508,
a18,-7,854.054098139622,18,296.101135253906,
a18,-7,854.197434545022,18,234.840759277344,
a18,-7,854.340770950422,18,149.246200561523,
a18,-7,854.484107355822,18,114.27082824707,
a18,-7,854.627443761222,18,49.3318099975586,
a18,-8,746.669748894918,18,45.9913330078125,
a18,-8,746.795168249643,18,116.652320861816,
a18,-8,746.920587604368,18,219.974044799805,
a18,-8,747.046006959093,18,266.417175292969,
a18,-8,747.171426313818,18,176.071899414063,
a18,-8,747.296845668543,18,178.801055908203,
a18,-8,747.422265023268,18,130.782897949219,
a18,-8,747.547684377993,18,122.136985778809,
a19,-8,790.174716476173,19,54.4748916625977,
a19,-8,790.300135830898,19,57.2668113708496,
a19,-8,790.425555185623,19,43.9220657348633,
aBase03,-1,780.056552050218,3,45.1738166809082,
aBase06,-3,601.704902918678,6,21.6536388397217,
aBase06,-3,602.039354531278,6,24.3574829101563,
aBase12,-5,766.843671458788,12,53.3045272827148,
aBase12,-5,767.044342426348,12,73.7619171142578,
aBase12,-5,767.245013393908,12,47.9826774597168,
aBase12,-5,767.445684361468,12,36.8000411987305,
aBase12,-5,767.646355329028,12,30.5349769592285,
aBase13,-5,831.047360008108,13,86.1680221557617,
aBase13,-5,831.248030975668,13,116.283058166504,
aBase13,-5,831.448701943228,13,102.877891540527,
aBase13,-5,831.649372910788,13,65.6279830932617,
aBase18,-6,977.388213716443,18,27.2714691162109,
aBase18,-6,977.722665329043,18,48.4110717773438,
aBase18,-6,977.889891135343,18,36.5553245544434,
aBase18,-6,978.057116941643,18,26.0768356323242,
aBase18,-7,837.617429404549,18,74.504524230957,
aBase18,-7,837.760765809949,18,120.154685974121,
aBase18,-7,837.904102215349,18,129.874114990234,
aBase18,-7,838.047438620749,18,79.067756652832,
aBase18,-7,838.190775026149,18,73.9085922241211,
aBase18,-7,838.334111431549,18,61.5761260986328,
aBase18,-7,838.477447836949,18,38.4843711853027,
aBase18,-7,838.620784242349,18,29.0195407867432,
b06,-3,644.722845078015,6,35.4161186218262,
b06,-3,645.057296690615,6,22.735466003418,
b07,-3,759.732737123561,7,135.806732177734,
b07,-3,760.067188736161,7,138.436889648438,
b07,-3,760.401640348761,7,60.1192054748535,
b07,-3,760.736091961361,7,29.9616470336914,
b08,-3,867.066889899991,8,54.8298530578613,
b09,-3,974.073037482191,9,62.2339630126953,
b09,-3,974.407489094791,9,51.3550567626953,
b09,-4,730.302958994941,9,79.2900085449219,
b09,-4,730.553797704391,9,38.3934555053711,
b09,-4,730.804636413841,9,22.5996208190918,
b10,-3,1094.41456773426,10,28.3156471252441,
b10,-4,820.559106683991,10,176.602066040039,
b10,-4,820.809945393441,10,102.540672302246,
b10,-4,821.060784102891,10,69.158073425293,
b10,-4,821.311622812341,10,33.9228591918945,
b12,-5,792.65443675439,12,107.512138366699,
b12,-5,792.85510772195,12,65.9057769775391,
b12,-5,793.25644965707,12,44.5246353149414,
b17,-7,810.337249200151,17,31.4151287078857,
b17,-7,810.480585605551,17,70.727424621582,
b17,-7,810.623922010951,17,59.5754280090332,
b17,-7,810.767258416351,17,72.4541702270508,
b17,-7,810.910594821751,17,57.7419319152832,
b17,-7,811.053931227151,17,33.1496467590332,
b17,-7,811.197267632551,17,30.9087829589844,
c01,-1,320.995181862478,1,105.121437072754,
c05,-2,847.550177842573,5,38.8396301269531,
c06,-3,670.700485817178,6,37.0597686767578,
c06,-3,671.034937429778,6,24.4749069213867,
d01,-1,339.005746546178,1,1153.25854492188,
d01,-1,340.009101383978,1,97.7227325439453,
d02,-1,684.035422682818,2,1008.28192138672,
d02,-1,685.038777520618,2,296.764892578125,
d02,-1,686.042132358418,2,95.5636978149414,
d02,-2,341.514073108003,2,1213.4638671875,
d02,-2,342.015750526903,2,246.427444458008,
d02,-2,342.517427945803,2,120.419235229492,
d02,-2,343.019105364703,2,75.7342224121094,
d03,-1,1005.05386542942,3,331.754943847656,
d03,-1,1006.05722026722,3,148.134765625,
d03,-1,1007.06057510502,3,83.7478256225586,
d03,-2,502.023294481303,3,601.380615234375,
d03,-2,502.524971900203,3,192.551025390625,
d03,-2,503.026649319103,3,73.6741561889648,
d03,-2,503.528326738003,3,20.0197086334229,
d04,-2,674.538132549623,4,1583.26440429688,
d04,-2,675.039809968523,4,813.174072265625,
d04,-2,675.541487387423,4,393.958892822266,
d04,-2,676.043164806323,4,191.124099731445,
d04,-3,449.356329544145,4,216.853622436523,
d04,-3,449.690781156745,4,104.956558227539,
d04,-3,450.025232769345,4,65.8308258056641,
d04,-3,450.359684381945,4,32.091381072998,
d05,-2,855.050427927723,5,673.578796386719,
d05,-2,855.552105346623,5,464.451690673828,
d05,-2,856.053782765523,5,290.634033203125,
d05,-2,856.555460184423,5,136.920227050781,
d05,-3,569.697859796211,5,346.442596435547,
d05,-3,570.032311408811,5,217.735961914063,
d05,-3,570.366763021411,5,144.685928344727,
d05,-3,570.701214634011,5,51.2202110290527,
d06,-2,1015.55964930102,6,175.821411132813,
d06,-2,1016.06132671992,6,100.381240844727,
d06,-2,1016.56300413882,6,80.897087097168,
d06,-2,1017.06468155772,6,35.0186195373535,
d06,-3,676.704007378411,6,948.846801757813,
d06,-3,677.038458991011,6,660.152404785156,
d06,-3,677.372910603611,6,460.439025878906,
d06,-3,677.707362216211,6,188.455307006836,
d07,-2,1188.07448736934,7,42.4580307006836,
d07,-2,1188.57616478824,7,28.8403549194336,
d07,-3,791.713899423958,7,480.518768310547,
d07,-3,792.048351036558,7,491.464721679688,
d07,-3,792.382802649158,7,342.567291259766,
d07,-3,792.717254261758,7,238.773223876953,
d07,-3,793.051705874358,7,128.602645874023,
d07,-3,793.386157486958,7,60.495677947998,
d07,-4,593.533605451266,7,146.492370605469,
d07,-4,593.784444160716,7,149.773666381836,
d07,-4,594.035282870166,7,126.954025268555,
d07,-4,594.286121579616,7,62.7050094604492,
d07,-4,594.536960289066,7,27.0800895690918,
d08,-3,899.048052200388,8,88.5982284545898,
d08,-3,899.382503812988,8,67.8736953735352,
d08,-3,899.716955425588,8,83.9811935424805,
d08,-3,900.051407038188,8,59.1155776977539,
d08,-4,674.034220033588,8,271.896148681641,
d08,-4,674.285058743038,8,161.778366088867,
d08,-4,674.786736161938,8,107.220375061035,
d09,-4,754.288830720238,9,48.4703521728516,
d09,-4,754.539669429688,9,66.5132751464844,
d09,-4,754.790508139138,9,62.0111427307129,
d09,-4,755.041346848588,9,65.0284881591797,
d10,-4,844.795817118738,10,133.507858276367,
d10,-4,845.046655828188,10,153.282012939453,
d10,-4,845.297494537638,10,72.6808013916016,
d10,-4,845.548333247088,10,79.9766311645508,
d10,-4,845.799171956538,10,26.4664192199707,
d10,-4,846.050010665988,10,55.0316505432129,
d10,-5,675.434527434068,10,55.575855255127,
d10,-5,675.635198401628,10,54.5343894958496,
d10,-5,675.835869369188,10,56.3436012268066,
d10,-5,676.237211304308,10,34.0241317749023,
d11,-4,934.801126098338,11,61.0632591247559,
d11,-4,935.051964807788,11,83.5370101928711,
d11,-4,935.302803517238,11,63.2447929382324,
d11,-4,935.553642226688,11,51.1983795166016,
d11,-4,935.804480936138,11,46.5163307189941,
d11,-4,936.055319645588,11,42.515567779541,
d11,-5,747.639445585308,11,216.187255859375,
d11,-5,747.840116552868,11,288.882690429688,
d11,-5,748.040787520428,11,276.735900878906,
d11,-5,748.241458487988,11,264.725006103516,
d11,-5,748.442129455548,11,183.917068481445,
d11,-5,748.642800423108,11,127.041481018066,
d11,-5,748.843471390668,11,56.677848815918,
d12,-4,1015.30657549444,12,79.3832473754883,
d12,-4,1015.80825291334,12,49.5130615234375,
d12,-5,811.843134134628,12,441.226684570313,
d12,-5,812.043805102188,12,639.771667480469,
d12,-5,812.244476069748,12,748.349182128906,
d12,-5,812.445147037308,12,685.569458007813,
d12,-5,812.645818004868,12,504.526733398438,
d12,-5,812.846488972428,12,298.602386474609,
d12,-5,813.047159939988,12,163.472900390625,
d12,-5,813.247830907548,12,44.9483871459961,
d12,-5,813.448501875108,12,37.7514457702637,
d12,-6,676.869743119955,12,116.62760925293,
d13,-5,876.046822683948,13,78.4245910644531,
d13,-5,876.247493651508,13,128.476303100586,
d13,-5,876.448164619068,13,153.609832763672,
d13,-5,876.648835586628,13,102.995422363281,
d13,-5,876.849506554188,13,102.948013305664,
d13,-5,877.050177521748,13,46.9445266723633,
d13,-5,877.250848489308,13,31.316198348999,
d13,-6,730.038365298455,13,65.2660369873047,
d13,-6,730.205591104755,13,77.0345077514648,
d13,-6,730.372816911055,13,88.9342269897461,
d14,-6,783.70544168667,14,116.719177246094,
d14,-6,783.87266749297,14,78.9580993652344,
d14,-6,784.03989329927,14,141.480239868164,
d14,-6,784.20711910557,14,61.9691352844238,
d14,-6,784.37434491187,14,54.201976776123,
d15,-6,843.708981006403,15,75.8522796630859,
d15,-6,843.876206812703,15,155.636703491211,
d15,-6,844.043432619003,15,289.645660400391,
d15,-6,844.210658425303,15,254.548721313477,
d15,-6,844.377884231603,15,224.678573608398,
d15,-6,844.545110037903,15,266.626037597656,
d15,-6,844.712335844203,15,100.14916229248,
d15,-6,844.879561650503,15,71.8542633056641,
d15,-7,723.035229938801,15,290.123382568359,
d15,-7,723.178566344201,15,654.252807617188,
d15,-7,723.321902749601,15,987.030334472656,
d15,-7,723.465239155001,15,976.01171875,
d15,-7,723.608575560401,15,879.336364746094,
d15,-7,723.751911965801,15,576.347045898438,
d15,-7,723.895248371201,15,397.459686279297,
d15,-7,724.038584776601,15,173.673004150391,
d15,-7,724.181921182001,15,130.095794677734,
d15,-7,724.325257587401,15,41.6883583068848,
d16,-6,903.879746132436,16,35.0960273742676,
d16,-6,904.214197745036,16,69.4119110107422,
d16,-6,904.548649357636,16,83.0184860229492,
d16,-6,904.883100970236,16,44.7131462097168,
d16,-7,774.610171475401,16,50.5749473571777,
d16,-7,774.753507880801,16,103.103858947754,
d16,-7,774.896844286201,16,193.624282836914,
d16,-7,775.040180691601,16,248.277801513672,
d16,-7,775.183517097001,16,170.486038208008,
d16,-7,775.326853502401,16,124.100456237793,
d16,-7,775.470189907801,16,102.246452331543,
d16,-7,775.613526313201,16,35.978199005127,
d16,-7,775.756862718601,16,30.976541519165,
d17,-6,961.719143767809,17,56.2383003234863,
d17,-6,961.886369574109,17,49.5782508850098,
d17,-6,962.05359538041,17,34.129955291748,
d17,-6,962.220821186709,17,23.7616062164307,
d17,-7,823.900125209207,17,107.008934020996,
d17,-7,824.043461614606,17,281.486694335938,
d17,-7,824.186798020007,17,527.991577148438,
d17,-7,824.330134425407,17,466.189208984375,
d17,-7,824.473470830807,17,508.779052734375,
d17,-7,824.616807236206,17,428.992156982422,
d17,-7,824.760143641606,17,235.648208618164,
d17,-7,824.903480047007,17,108.86124420166,
d17,-8,720.786699999704,17,119.530128479004,
d17,-8,720.912119354429,17,374.327331542969,
d17,-8,721.037538709154,17,644.782653808594,
d17,-8,721.162958063879,17,701.93310546875,
d17,-8,721.288377418604,17,639.069213867188,
d17,-8,721.413796773329,17,513.053039550781,
d17,-8,721.539216128054,17,435.185821533203,
d17,-8,721.664635482779,17,279.038482666016,
d17,-8,721.790054837504,17,93.845947265625,
d17,-8,721.915474192229,17,68.3437728881836,
d18,-7,869.903239149835,18,53.3784713745117,
d18,-7,870.046575555235,18,88.9175491333008,
d18,-7,870.189911960635,18,67.1471939086914,
d18,-7,870.333248366035,18,31.9664897918701,
d18,-7,870.476584771435,18,61.9876289367676,
d18,-7,870.619921176835,18,43.1779670715332,
d18,-7,870.763257582235,18,33.3592910766602,
d18,-8,760.914005343029,18,62.4670600891113,
d18,-8,761.039424697754,18,168.1572265625,
d18,-8,761.164844052479,18,305.680419921875,
d18,-8,761.290263407204,18,373.122985839844,
d18,-8,761.415682761929,18,298.113555908203,
d18,-8,761.541102116654,18,287.070983886719,
d18,-8,761.666521471379,18,193.714477539063,
d18,-8,761.791940826104,18,133.68310546875,
d18,-8,761.917360180829,18,67.1828994750977,
d18,-8,762.042779535554,18,34.5523223876953,
d19,-8,804.168134214834,19,49.6717643737793,
d19,-8,804.293553569559,19,66.9574203491211,
d19,-8,804.418972924284,19,111.249397277832,
d19,-8,804.544392279009,19,139.915145874023,
d19,-8,804.669811633734,19,146.497894287109,
d19,-8,804.795230988459,19,99.5907287597656,
d19,-8,804.920650343184,19,74.7957763671875,
d19,-8,805.046069697909,19,32.4865188598633,
d19,-8,805.171489052634,19,24.5191497802734,
d19,-9,714.815683565518,19,28.2305355072021,
d19,-9,714.927167436385,19,34.0273666381836,
d19,-9,715.038651307251,19,33.4228477478027,
d19,-9,715.150135178118,19,49.6614685058594,
d19,-9,715.261619048985,19,47.3766632080078,
dBase13,-5,854.239512260206,13,108.783653259277,
dBase13,-5,854.440183227766,13,44.028190612793,
dBase13,-6,711.865606612003,13,62.5765037536621,
dBase13,-6,712.032832418303,13,29.8018760681152,
dBase14,-5,918.041858874406,14,68.2428359985352,
dBase14,-5,918.242529841966,14,58.649242401123,
dBase14,-5,918.443200809526,14,37.7848777770996,
dBase14,-6,764.867002984203,14,312.978118896484,
dBase14,-6,765.034228790503,14,326.512969970703,
dBase14,-6,765.201454596803,14,255.115005493164,
dBase14,-6,765.368680403103,14,173.033493041992,
dBase14,-6,765.535906209403,14,70.5660095214844,
dBase14,-6,765.703132015703,14,36.4016876220703,
dBase14,-6,765.870357822003,14,23.5443534851074,
dBase18,-7,853.896579630962,18,240.024124145508,
dBase18,-7,854.039916036362,18,296.101135253906,
dBase18,-7,854.183252441762,18,234.840759277344,
dBase18,-7,854.326588847162,18,149.246200561523,
dBase18,-7,854.469925252562,18,158.299018859863,
dBase18,-7,854.613261657962,18,49.3318099975586,
dBase18,-8,747.03359761874,18,266.417175292969,
dBase18,-8,747.159016973465,18,176.071899414063,
dBase18,-8,747.284436328191,18,178.801055908203,
dBase18,-8,747.409855682915,18,130.782897949219,
dBase18,-8,747.535275037641,18,122.136985778809,
w04,-2,682.526710739843,16,48.645393371582,
wBase17,-7,807.605758835648,3,33.4538192749023,
wBase17,-7,807.749095241048,3,88.4839172363281,
wBase17,-7,807.892431646448,3,136.837631225586,
wBase17,-7,808.035768051848,3,207.89176940918,
wBase17,-7,808.179104457248,3,118.450897216797,
wBase19,-8,790.161402347421,1,54.4748916625977,
wBase19,-8,790.286821702146,1,57.2668113708496,
x04,-2,673.521428397993,16,96.0473327636719,
x04,-2,674.524783235793,16,1583.26440429688,
x04,-2,675.026460654693,16,813.174072265625,
x04,-3,450.016333226791,16,65.8308258056641,
x04,-3,450.350784839391,16,32.091381072998,
x05,-2,854.535401194993,15,105.880210876465,
x05,-2,855.037078613893,15,673.578796386719,
x05,-2,855.538756032793,15,464.451690673828,
x05,-3,569.688960253658,15,346.442596435547,
x05,-3,570.023411866258,15,217.735961914063,
x05,-3,570.357863478858,15,144.685928344727,
x05,-3,570.692315091458,15,51.2202110290527,
x06,-2,1035.54937399199,14,263.212341308594,
x06,-2,1036.05105141089,14,178.841842651367,
x06,-3,690.030490505725,14,259.299011230469,
x06,-3,690.364942118325,14,253.712341308594,
x06,-3,690.699393730925,14,167.892593383789,
x06,-3,691.033845343525,14,105.528373718262,
x06,-4,517.271048762591,14,180.801544189453,
x06,-4,517.521887472041,14,143.336837768555,
x06,-4,517.772726181491,14,93.0659027099609,
x06,-4,518.023564890941,14,65.1506881713867,
x06,-4,518.274403600391,14,25.0458965301514,
x07,-3,797.030191669555,13,33.6708106994629,
x07,-3,797.364643282155,13,526.894958496094,
x07,-3,797.699094894755,13,468.136352539063,
x07,-3,798.033546507355,13,334.513854980469,
x07,-3,798.367998119955,13,228.942031860352,
x07,-4,597.771663344913,13,860.322265625,
x07,-4,598.022502054363,13,783.858703613281,
x07,-4,598.273340763813,13,595.779479980469,
x07,-4,598.524179473263,13,385.311981201172,
x07,-4,598.775018182713,13,159.621566772461,
x08,-3,903.701887639155,12,47.838680267334,
x08,-3,904.036339251755,12,65.2881698608398,
x08,-3,904.370790864355,12,281.822326660156,
x08,-3,904.705242476955,12,240.024719238281,
x08,-3,905.039694089555,12,189.566452026367,
x08,-3,905.374145702155,12,124.10929107666,
x08,-4,678.026274031563,12,775.031005859375,
x08,-4,678.277112741013,12,688.341491699219,
x08,-4,678.527951450463,12,572.121459960938,
x08,-4,678.778790159913,12,359.064392089844,
x08,-4,679.029628869363,12,604.276123046875,
x09,-3,1011.04248683395,11,28.4774322509766,
x09,-3,1011.37693844655,11,114.023391723633,
x09,-3,1011.71139005915,11,84.6611938476563,
x09,-3,1012.04584167175,11,102.142547607422,
x09,-3,1012.38029328435,11,45.5912094116211,
x09,-4,757.779207299313,11,30.5665988922119,
x09,-4,758.030046008763,11,28.9134292602539,
x09,-4,758.280884718213,11,365.920288085938,
x09,-4,758.531723427663,11,434.662658691406,
x09,-4,758.782562137113,11,409.546600341797,
x09,-4,759.033400846563,11,290.299407958984,
x09,-4,759.284239556013,11,152.518203735352,
x09,-5,606.423252481208,11,142.188888549805,
x09,-5,606.623923448768,11,176.11198425293,
x09,-5,606.824594416328,11,197.01252746582,
x09,-5,607.025265383888,11,112.018859863281,
x09,-5,607.225936351448,11,67.6951065063477,
x09,-5,607.426607319008,11,28.7703552246094,
x10,-3,1131.71846869862,10,55.4819221496582,
x10,-3,1132.05292031122,10,48.6913795471191,
x10,-3,1132.38737192382,10,31.1985092163086,
x10,-3,1132.72182353642,10,27.8394432067871,
x10,-4,848.035354988363,10,52.5515098571777,
x10,-4,848.286193697813,10,61.7588233947754,
x10,-4,848.537032407263,10,100.792091369629,
x10,-4,848.787871116713,10,167.516845703125,
x10,-4,849.038709826163,10,165.429122924805,
x10,-4,849.289548535613,10,105.945838928223,
x10,-4,849.540387245063,10,88.2693252563477,
x10,-5,678.628170632448,10,48.6657447814941,
x10,-5,678.828841600008,10,72.1919631958008,
x10,-5,679.230183535128,10,67.1716842651367,
x10,-5,679.430854502688,10,53.8331832885742,
x11,-4,938.793180096313,9,46.4653053283691,
x11,-4,939.044018805763,9,64.5454864501953,
x11,-4,939.294857515213,9,53.8566818237305,
x11,-4,939.545696224663,9,55.1480140686035,
x11,-4,939.796534934113,9,45.3897171020508,
x11,-5,750.833088783688,9,114.145393371582,
x11,-5,751.033759751248,9,198.164184570313,
x11,-5,751.234430718808,9,232.349365234375,
x11,-5,751.435101686368,9,193.064270019531,
x11,-5,751.635772653928,9,135.506683349609,
x11,-5,751.836443621488,9,60.9682464599609,
x11,-5,752.037114589048,9,36.0765419006348,
x12,-4,1019.04779078296,8,78.3718338012695,
x12,-4,1019.29862949241,8,65.1555709838867,
x12,-4,1019.54946820186,8,58.5594215393066,
x12,-4,1019.80030691131,8,68.6627807617188,
x12,-4,1020.05114562076,8,57.0115280151367,
x12,-5,815.036777333008,8,146.825607299805,
x12,-5,815.237448300568,8,243.19499206543,
x12,-5,815.438119268128,8,306.214691162109,
x12,-5,815.638790235688,8,313.123748779297,
x12,-5,815.839461203248,8,172.782943725586,
x12,-5,816.040132170808,8,110.131568908691,
x12,-5,816.240803138368,8,55.0472106933594,
x12,-5,816.441474105928,8,27.8077125549316,
x12,-6,679.196660839338,8,569.026000976563,
x12,-6,679.363886645638,8,654.468505859375,
x12,-6,679.531112451938,8,567.48779296875,
x12,-6,679.698338258238,8,457.733123779297,
x12,-6,679.865564064538,8,199.846771240234,
x12,-6,680.032789870838,8,143.533660888672,
x12,-6,680.200015677138,8,80.8834838867188,
x13,-5,879.437268998866,7,88.3770065307617,
x13,-5,879.637939966426,7,220.716201782227,
x13,-5,879.838610933986,7,276.654937744141,
x13,-5,880.039281901546,7,205.320709228516,
x13,-5,880.239952869106,7,225.911834716797,
x13,-5,880.440623836666,7,114.731719970703,
x13,-5,880.641294804226,7,86.5205307006836,
x13,-5,880.841965771786,7,50.2051734924316,
x13,-6,732.696511421253,7,336.160308837891,
x13,-6,732.863737227553,7,569.117919921875,
x13,-6,733.030963033853,7,699.560119628906,
x13,-6,733.198188840153,7,715.480712890625,
x13,-6,733.365414646453,7,588.958801269531,
x13,-6,733.532640452753,7,303.662750244141,
x13,-6,733.699866259053,7,216.75634765625,
x13,-6,733.867092065353,7,116.714088439941,
x14,-5,948.643875193754,6,94.9145431518555,
x14,-5,948.844546161314,6,116.525466918945,
x14,-5,949.045217128874,6,82.6581268310547,
x14,-5,949.245888096434,6,110.479507446289,
x14,-5,949.446559063994,6,52.5282592773438,
x14,-6,790.201457444026,6,161.00260925293,
x14,-6,790.368683250326,6,338.642730712891,
x14,-6,790.535909056626,6,425.654632568359,
x14,-6,790.703134862926,6,405.741882324219,
x14,-6,790.870360669226,6,356.850311279297,
x14,-6,791.037586475526,6,266.56884765625,
x14,-6,791.204812281826,6,143.121246337891,
x14,-6,791.372038088126,6,143.582427978516,
x14,-7,677.171638313907,6,120.071029663086,
x14,-7,677.314974719307,6,272.802581787109,
x14,-7,677.458311124707,6,342.733978271484,
x14,-7,677.601647530107,6,379.267608642578,
x14,-7,677.744983935507,6,299.994567871094,
x14,-7,677.888320340907,6,238.449920654297,
x14,-7,678.174993151707,6,60.4509162902832,
x15,-6,843.537305428826,5,34.8192977905273,
x15,-6,843.704531235126,5,75.8522796630859,
x15,-6,843.871757041426,5,155.636703491211,
x15,-6,844.038982847726,5,289.645660400391,
x15,-6,844.206208654026,5,254.548721313477,
x15,-6,844.373434460326,5,224.678573608398,
x15,-6,844.540660266626,5,266.626037597656,
x15,-6,844.707886072926,5,100.14916229248,
x15,-6,844.875111879226,5,71.8542633056641,
x15,-7,723.031415849135,5,290.123382568359,
x15,-7,723.174752254535,5,654.252807617188,
x15,-7,723.318088659935,5,987.030334472656,
x15,-7,723.461425065335,5,976.01171875,
x15,-7,723.604761470735,5,879.336364746094,
x15,-7,723.748097876135,5,576.347045898438,
x15,-7,723.891434281535,5,397.459686279297,
x15,-7,724.034770686935,5,173.673004150391,
x16,-6,903.54084474856,4,40.0376663208008,
x16,-6,903.87529636116,4,35.0960273742676,
x16,-6,904.20974797376,4,69.4119110107422,
x16,-6,904.544199586359,4,83.0184860229492,
x16,-6,904.87865119896,4,44.7131462097168,
x16,-7,774.606357385735,4,50.5749473571777,
x16,-7,774.749693791135,4,103.103858947754,
x16,-7,774.893030196535,4,193.624282836914,
x16,-7,775.036366601935,4,248.277801513672,
x16,-7,775.179703007335,4,170.486038208008,
x16,-7,775.323039412735,4,124.100456237793,
x16,-7,775.466375818135,4,102.246452331543,
x16,-7,775.609712223535,4,35.978199005127,
x17,-6,961.714693996533,3,56.2383003234863,
x17,-6,961.881919802833,3,49.5782508850098,
x17,-6,962.049145609133,3,34.129955291748,
x17,-6,962.216371415433,3,23.7616062164307,
x17,-7,823.896311119541,3,107.008934020996,
x17,-7,824.039647524941,3,281.486694335938,
x17,-7,824.182983930341,3,527.991577148438,
x17,-7,824.326320335741,3,466.189208984375,
x17,-7,824.469656741141,3,508.779052734375,
x17,-7,824.612993146541,3,428.992156982422,
x17,-7,824.756329551941,3,235.648208618164,
x17,-7,824.899665957341,3,415.885566711426,
x17,-8,720.783362671247,3,119.530128479004,
x17,-8,720.908782025972,3,374.327331542969,
x17,-8,721.034201380697,3,644.782653808594,
x17,-8,721.159620735422,3,701.93310546875,
x17,-8,721.285040090147,3,639.069213867188,
x17,-8,721.410459444872,3,513.053039550781,
x17,-8,721.535878799597,3,435.185821533203,
x17,-8,721.661298154322,3,279.038482666016,
x18,-7,869.899425060169,2,53.3784713745117,
x18,-7,870.042761465569,2,88.9175491333008,
x18,-7,870.186097870969,2,67.1471939086914,
x18,-7,870.329434276369,2,31.9664897918701,
x18,-7,870.472770681769,2,61.9876289367676,
x18,-7,870.616107087169,2,43.1779670715332,
x18,-7,870.75944349257,2,33.3592910766602,
x18,-8,760.910668014572,2,62.4670600891113,
x18,-8,761.036087369297,2,168.1572265625,
x18,-8,761.161506724022,2,305.680419921875,
x18,-8,761.286926078747,2,373.122985839844,
x18,-8,761.412345433472,2,298.113555908203,
x18,-8,761.537764788197,2,287.070983886719,
x18,-8,761.663184142922,2,193.714477539063,
x18,-8,761.788603497647,2,133.68310546875,
x19,-8,804.164796886377,1,49.6717643737793,
x19,-8,804.290216241102,1,66.9574203491211,
x19,-8,804.415635595827,1,111.249397277832,
x19,-8,804.541054950552,1,139.915145874023,
x19,-8,804.666474305277,1,146.497894287109,
x19,-8,804.791893660002,1,99.5907287597656,
x19,-8,804.917313014727,1,74.7957763671875,
x19,-9,714.812717051334,1,28.2305355072021,
x19,-9,714.9242009222,1,34.0273666381836,
x19,-9,715.035684793067,1,33.4228477478027,
x19,-9,715.147168663934,1,49.6614685058594,
x19,-9,715.2586525348,1,47.3766632080078,
xBase15,-6,826.033449967575,5,62.8226623535156,
xBase18,-7,853.892765541297,2,240.024124145508,
xBase18,-7,854.179438352097,2,234.840759277344,
xBase18,-7,854.322774757497,2,149.246200561523,
xBase18,-7,854.466111162897,2,158.299018859863,
xBase18,-7,854.609447568297,2,49.3318099975586,
xBase18,-8,747.155679645008,2,176.071899414063,
xBase18,-8,747.281098999733,2,178.801055908203,
xBase18,-8,747.406518354458,2,130.782897949219,
xBase18,-8,747.531937709183,2,122.136985778809,
z06,-3,658.049328205328,14,89.0640525817871,
z06,-3,658.383779817928,14,61.5034599304199,
z06,-3,658.718231430528,14,54.1636924743652,
z17,-7,810.333435110485,3,31.4151287078857,
z17,-7,810.476771515885,3,70.727424621582,
z17,-7,810.620107921285,3,59.5754280090332,
z17,-7,810.763444326685,3,72.4541702270508,
z17,-7,810.906780732085,3,57.7419319152832,
z17,-7,811.050117137485,3,33.1496467590332,
z17,-7,811.193453542885,3,30.9087829589844,
